argument_id,chunk,topic,rank,polarity_score
0,I always get a half size up in my tennis shoes .,4,0.4999999873343934,-0.16666666666666666
0,For some reason these feel to big in the heel area and wide .,15,0.5000000126656066,-0.05
1,walked 3 hours with no problem,8,0.24856870899771719,0.0
1,Put them on and !,3,0.2542976486062641,0.0
1,Love them !,2,0.24698081209481598,0.625
1,So light feeling,9,0.25015283030120283,0.4
2,excelente,-1,1.0,0.0
3,The shoes fit well in the arch area .,21,0.25153201554497995,0.4
3,"They are a little wider in the toe area of the shoe , you feel like you have a lot of room .",15,0.2509740897320797,-0.1875
3,"This does not make the shoe uncomfortable , just had to get used to it .",15,0.2523137257673268,-0.5
3,Love the shoe .,20,0.24518016895561354,0.5
4,Tried them on in a store before buying online so I knew they 'd fit good .,4,0.20108327640604484,0.55
4,Overall I was looking for a durable cross training shoe that would hold up to my rigorous training and these have been great so far .,0,0.19977611948505666,0.225
4,They are really light and comfortable .,5,0.2013608516754225,0.4
4,"Most importantly for me they have grips on the bottoms so my feet do n't slide out from under me while doing planks , push - ups , etc .",8,0.20115392425485634,0.45
4,Highly satisfied with this purchase .,6,0.1966258281786196,0.5
5,I recommend that !,22,1.0,0.0
6,this is the 2nd pair he 's worn .,16,0.5000000126644604,0.0
6,"My son likes these , and",12,0.4999999873355396,0.0
7,Comfortable,18,1.0,0.4
8,Fit fine ... did not like color in person,1,1.0,0.4083333333333333
9,The shoe is too large .,19,0.3352912172698151,0.21428571428571427
9,When you do lunges it hurts the heel .,8,0.33297416009113723,0.0
9,The shoe size from a local store is the size I ordered from Amazon however the size or fitting seems to be large,4,0.33173462263904746,0.2380952380952381
10,the color is fun,11,0.5,0.3
10,Really great for walking I 'm very glad I got these and,4,0.5,0.7250000000000001
11,Love these shoes .,10,0.3315283852200432,0.5
11,My feet feel so much better .,8,0.3359870138002952,0.5
11,Lots of padding and light enough to run in .,5,0.3324846009796613,0.2
12,ok but too big,15,1.0,0.25
13,Love these shoes ..,10,0.5000000126325548,0.5
13,they are so comfortable .,5,0.4999999873674453,0.4
14,In really like these .,2,0.1675647903614485,0.2
14,they fit perfectly .,1,0.16920860459306947,0.7
14,"I wear between a 9 - 9.5 womens , I got the 9.5 and",4,0.1606269825135935,0.0
14,have good support,21,0.16952484954116456,0.7
14,They are light weight but .,9,0.16489015775033722,0.4
14,I will buy another pair .,16,0.1681846152403867,0.0
15,"Love these shoes ! 
",23,0.1966599020202623,0.625
15,comfortable,18,0.19372350644757058,0.4
15,So stylish and .,5,0.20284450249094466,0.5
15,are in high fashion right now,5,0.2072268393636466,0.22285714285714286
15,"Just got back from a trip to NYC , Black and white Nikes and yoga pants !",17,0.19954524967757578,-0.05555555555555555
16,This shoe is JUST OK .,14,0.3345611675671317,0.5
16,"Its not as comfortable as I was expecting , compared to my last pair of NIKE shoes .",18,0.3343067144860657,0.2
16,I hope they hold up .,0,0.3311321179468025,0.0
17,Best tennis shoes I 've had all my life .,10,0.336943798522066,1.0
17,Very comfortable out the box .,7,0.3234517468382433,0.52
17,I would buy 10 pairs of these shoes if had the money .,16,0.33960445463969025,0.0
18,The color pattern and fit is what I liked the most what I liked the least is that they are not easy to clean and stains do not come out very easy or at all,2,1.0,0.3141666666666667
19,love these shoes .,10,0.24591202936948675,0.5
19,Workout in them 3 - 4 times a week at the gym .,3,0.25202505769607797,0.0
19,"I do treadmill , stairmaster , cardio classes and weight lifting .",13,0.24988039184460392,0.0
19,lightweight and versatile shoe .,0,0.25218252108983147,0.0
20,Great shoe .,20,0.07500146752174447,0.8
20,"have always been pleased with the comfort , performance , and quality",6,0.07658357909717983,0.5
20,I 've had Nike 's before and .,17,0.07676296465089195,0.0
20,"Though I will say this was the first time I ordered a pair online without trying them on first , so I was nervous .",16,0.07726800412394046,0.25
20,But this turned out to be a great choice .,6,0.07676582148870978,0.8
20,"lightweight but sturdy , and comfortable during all my workouts",5,0.0780376314056512,0.4
20,"Breathable , .",7,0.07536256246883621,0.0
20,I 've had no discomfort after 2 weeks of use .,8,0.0772132393285621,0.0
20,The built - in arch support is great and,21,0.07844688983234516,0.8
20,"As far as the sole thickness and cushioning goes , I would consider these a ' medium ' build ( not thin , not overly thick ) so if you 're into heavy running outdoors then take that into consideration .",0,0.07724192960175434,-0.04
20,I think for light runs on a treadmill they would be sufficient .,3,0.07754337350982884,0.4
20,"Everyone is different in their preference for cushioning , but",15,0.07787060830256458,0.0
20,"Love these , highly recommend !",22,0.0759019286679911,0.35
21,The material is real then hope they do n't fall apart .,0,0.49999998733433515,0.2
21,to expensive for what you get .,-1,0.5000000126656649,-0.5
22,Nice,14,1.0,0.6
23,Gracias,-1,1.0,0.0
24,Love these shoes ! !,23,0.2436683017998646,0.78125
24,They are true to size and very comfortable ! !,1,0.251565849027267,0.58125
24,This is my second pair - I wore out the first pair ! !,16,0.25426097972680406,0.1953125
24,Good arch support - I have a high arch ! !,21,0.25050486944606426,0.475
25,None,-1,1.0,0.0
26,comfortable,18,0.49999998735644446,0.4
26,Great arch support and .,21,0.5000000126435555,0.8
27,It looks a bit nicer on the picture .,11,0.25193369794047754,0.0
27,Its very light in such a way that when I held the box I wondered if there was just paper filling inside .,9,0.2510000480007211,0.26
27,They are comfortable for the most .,5,0.25371621661635413,0.45
27,Good looking training shoes overall .,0,0.24335003744244715,0.35
28,second pair .,16,0.2541982848575475,0.0
28,great,14,0.24165478942566399,0.8
28,Comfortable and for people with bunion issues or previous surgeries .  ,5,0.25408050433569385,0.11666666666666668
28,Sole wears great,20,0.2500664213810945,0.4
29,My daughter loves these shoes .,12,0.5,0.0
29,Fit true to size .,1,0.5,0.375
30,Purchased for my daughter for gym class .  ,12,0.2527182040521874,0.0
30,She loves them .  ,12,0.24567806621226396,0.0
30,very comfortable,7,0.2481479399152029,0.52
30,Very cute and .,11,0.2534557898203458,0.65
31,zero support inside the shoe,9,0.25186564202753314,0.0
31,Great look but .,10,0.24474201874586413,0.8
31,Had to buy expensive inserts to be wearable .,16,0.25288437899006977,-0.5
31,Expected more from a nike shoe .,1,0.250507960236533,0.2
32,"Straight out of the box , these shoes are great !",10,0.12139318872632752,0.6
32,fits comfortably on my feet like a glove,1,0.12811863998111578,0.4
32,Very lightweight and !,9,0.12443754559327783,0.25
32,I hated those things,2,0.12708221339762227,-0.9
32,I love most especially that the sole is not bulky like my previous running shoes  ,0,0.12030556218664716,0.16666666666666669
32,lol !,14,0.12455360990953356,1.0
32,they are great for the price !,2,0.12789212073333234,1.0
32,I would give them a shot and,22,0.12621711947214354,0.0
33,Great shoes .,20,0.16199573416991528,0.8
33,Fit perfectly .,1,0.16876624263369192,0.7
33,Comfortable right from the start .,18,0.16285650513235575,0.34285714285714286
33,perfect for a 12 hour work shift,3,0.16618180970988297,1.0
33,Light weight and .,9,0.17139347680381764,0.4
33,Good price also .,6,0.16880623155033617,0.7
34,I love them !,2,0.33260694334602475,0.625
34,are very comfortable,5,0.32934573402412065,0.52
34,They fit perfect and ! !,1,0.3380473226298545,0.7
35,Love these lightweight shoes !,23,0.32995009950111226,0.625
35,Absolute favorite .,2,0.3373449675084294,0.35
35,Always order half a size bigger with nike shoes than with every other shoe in my closet .,4,0.33270493299045806,-0.09722222222222221
36,My knees were bothering me during HIIT workouts so i   purchased these shoes after researching many styles .  ,0,0.19906991791727852,0.5
36,are lightweight,9,0.20015027177324884,0.0
36,Fit true to size and .  ,1,0.20251875333356056,0.375
36,My knees feel better so so hard so good .  ,15,0.1978839705400701,0.30277777777777776
36,They are cute in too ! !,2,0.2003770864358419,0.78125
37,Love the color !,11,1.0,0.625
38,"Comfortable athletic shoe ,   good for the gym ( ellipical , tredmill , etc . )",20,0.33812474873682064,0.55
38,shoe is really lightweight and comfy .,0,0.3391194096651114,0.2
38,"Fit is good , and",1,0.3227558415980674,0.55
39,came within the time frame i was given,6,0.3346801171361479,0.0
39,The shoes fit perfectly and .  ,1,0.33695507067073627,0.7
39,"Very comfortable , which is needed since my job requires a lot if standing abd walking throughout the day .",7,0.32836481219311586,0.52
40,They looked very cheap,15,1.0,0.52
41,The fit is as expected,1,1.0,0.15000000000000002
42,Very comfortable shoes .,18,0.5000000126596238,0.52
42,This is my second pair of this style of shoe because I loved them that much .,16,0.4999999873403764,0.3
43,consistent each time I order and good looking,20,0.5,0.475
43,"Comfortable ,",18,0.5,0.4
44,it fit as expected the photos and description are accurate if you 're looking for a shoe that has more cushion or support,1,0.20161622036902774,0.30000000000000004
44,try a different style but,11,0.20361901567401675,0.0
44,as far as wanting a lightweight and breathable shoe this is it .,0,0.19672626459590017,0.1
44,I love the shoe and,10,0.20025659825427203,0.5
44,I am very satisfied with this purchase,6,0.1977819011067833,0.65
45,These are so cute and comfortable and very light .,5,0.1981394042844215,0.47333333333333333
45,the fit is perfect .,1,0.200528912880474,0.7
45,I just received them today and,10,0.20162148701738342,0.0
45,they are true to size !,1,0.20426548660970908,0.4375
45,I normally wear an 8 1/2 and,4,0.195444709208012,0.15
46,I always order a 1/2 size up in workout shoes .,4,1.0,0.0
47,"I wore these shoe one time , from the airport in Omaha , NE to the airport in Phoenix , AZ .",10,0.19845172579350595,0.0
47,wo n't stop,3,0.20049820008883557,0.0
47,"When I arrived in Phoenix , the left shoe / sole started squeaking and .",10,0.20238854969516593,0.0
47,I want to return for a refund .,24,0.1992557723854152,0.0
47,Need instructions for returning as no paperwork was in my package when it arrived .,24,0.19940575203707736,0.0
48,are super uncomfortable and the soles squeak,7,0.33458136951759393,-0.08333333333333334
48,They run big and .,4,0.3325932975962592,0.0
48,They do n't breathe at all .,5,0.33282533288614663,0.0
49,Exactly what I expected !,1,0.3325405583498854,0.0625
49,chic,11,0.3370999293408803,0.0
49,Comfortable and,7,0.3303595123092342,0.4
50,They were a gift   to my daughter she loved them,12,1.0,0.7
51,Love these comfy shoes .,10,0.4999999873801727,0.5
51,they fit like a glove .,1,0.5000000126198274,0.4
52,Very confortable .,7,1.0,0.2
53,i love these shoes .,10,1.0,0.5
54,"Lightweight , decent arch support and comfortably to wear all day doing regular activity and sprinting .",5,1.0,0.18888888888888888
55,daughter loves them,12,1.0,0.0
56,they are perfect .,2,0.25120199557454737,1.0
56,"I ordered a 1/2 size smaller than my usual size , and",4,0.25009559786889785,-0.125
56,These shoes are hard to find .,15,0.24520510818685592,-0.2916666666666667
56,Great customer service as well .,6,0.25349729836969914,0.8
57,"Very good overall . 
",6,0.08611502021737381,0.45499999999999996
57,"the only reason I tried these instead of the latest number 4 of those is because the tread looked too slippery to me . 
",0,0.09235514887304799,0.25
57,Now I ve been a huge Sketchers Go Walk fan for some time and,2,0.09222689686735033,0.4000000000000001
57,the grip of the soles has been very solid so far .,0,0.09236425664337011,0.05
57,These shoes are very sturdy and,0,0.0918171229106546,0.2
57,"I use them for basic workout cardio and cross training , as well as work as a massage therapist ( I go through shoes fast enough that I ve recently consolidated ) . 
",0,0.09212536011556988,0.04
57,"If you 're a Go Walk fan , these do not offer the same level of cushion - comfort as those , HOWEVER , they offer the kind of long - term comfort to make them a durable option . 
",18,0.09235405658272403,0.18333333333333332
57,The material of the shoes seem very durable and the breathable .,0,0.09193204741068041,0.2
57,"My feet do not feel hot in them . 
",8,0.09121249695550884,0.25
57,"Now these shoes are ideal for a basic workout or cross training , I would not get them to do 25,000 steps in Walt Disney World . 
",0,0.09203848586260056,0.3
57,"Solid choice , overall .",6,0.08545910756111964,0.0
58,Wife loves them !,12,1.0,0.0
59,fit as expected,1,0.33890521796726036,0.15000000000000002
59,"These shoes are extremely comfortable , and .  ",0,0.3229368446584455,0.4
59,Will purchase again .,6,0.33815793737429367,0.0
60,Artculo equivocado en color,11,1.0,0.0
61,ordered a half size too big,4,0.055063830838226316,-0.08333333333333333
61,Glad I read the reviews and .,4,0.055503616808527806,0.5
61,These are light weight .,9,0.05499983697873487,0.4
61,had a great work out,20,0.05563434212051423,0.8
61,I worked out in them last night and .,3,0.05637337632422014,0.0
61,They are very comfortable .,5,0.05595574937755406,0.52
61,I would recommend these to anyone .,22,0.05541838613103346,0.0
61,these are now my new favorite shoes to work out in .,0,0.05547973767504755,0.3181818181818182
61,I am a Beach Body Coach and,13,0.054623273458788646,0.0
61,I feel like I am walking in slippers when I wear these shoes .,0,0.055262812961914015,0.0
61,They are so comfortable .,5,0.05600009190191467,0.4
61,I LOVE them so much .,2,0.05532632791092533,0.35
61,for Christmas got an Amazon gift card and used it to buy myself these sneakers,12,0.05617020565527646,0.0
61,they are so awesome .,2,0.05529519335566996,1.0
61,I never buy myself anything nice and and,17,0.05618513411659262,0.6
61,have been telling all my friends about them,2,0.05553940368877866,0.0
61,I really do love them and .,2,0.05532186858220736,0.5
61,GET THESE SHOES !,10,0.05584681211407379,0.0
62,"On the left shoe , there were two stained yellow spots .",19,1.0,0.0
63,finally wore them out after several years,3,0.11148654574010941,0.0
63,"I love these , I had the previous iteration ( or maybe two earlier ? ) and .",16,0.10973768627393365,0.11111111111111112
63,They are definitely a light - weight training shoe so I would n't get them if you are going to be doing a lot of running .,0,0.11151503230774482,0.4
63,"But this also makes them extremely comfortable , I had n't realized how hot running shoes made my feet until I switched to these .",0,0.11136749236854931,0.325
63,"my feet stay cool all day , also noticeably light but well - made and long lasting . 

",8,0.11134410094444566,0.175
63,Good support and,21,0.10873183026122094,0.7
63,do n't really recommend it because the material is mesh - like and will let a lot of dirt in,7,0.11188144969373362,0.2
63,I have worn them hiking in a pinch but .,10,0.11198980612499179,0.0
63,But if you mainly take cardio classes and/or do weight training or just need something to wear around town look no further .,3,0.11194605628527074,0.08333333333333333
64,"Super light - weight , decent arch support ( mine is higher than average ) .  ",21,0.14285061527246173,0.19999999999999998
64,"I was pleasantly surprised by the sole / tread on these for my circuit training classes , as I could n't really tell by online pics .  ",0,0.14351500407869938,0.10000000000000002
64,"Also pleasantly surprised that these ran ever so slightly bigger than Nike running shoes I use to wear 15+years ago - I always wore one to 1.5 sizes larger in their "" Hurache's""/running shoes , so I was really worried my size 6 would be too small - there is actually more toe room in these shoes than any other size 6 shoe I own ( athletic , heel , boot ) .  ",0,0.1429725239385386,0.128125
64,"But it is the correct amount of room from big toe to edge of shoe for me ( an inch or less , I do n't want my big toe being jammed into edge of shoe when lunging , jumping , etc . ) .  ",15,0.1435380002072001,-0.06666666666666667
64,"no damage to box , paper lining etc - I was happy that a clorox wipe easily cleaned the shoe and did not discolor any further .  ",9,0.14522017531926246,0.41111111111111115
64,"Shoes arrived with an odd yellowish color on side of one shoe , but",19,0.14541554173411553,-0.16666666666666666
64,"I am very happy and highly recommend , although I have only worked out it once !",22,0.13648813944972216,0.38666666666666666
65,I Love it .,2,0.3317849989737863,0.5
65,the color is great .,11,0.3355470812154223,0.8
65,It is very light and,9,0.33266791981079125,0.52
66,My wife loves these shoes .,12,0.24786937411512605,0.0
66,recently we have both purchased Nike .,17,0.25141746959391464,0.0
66,We have both been wearing sketchers and new balance for several years and,3,0.25026751270006775,0.06818181818181818
66,"There is a reason why Nike is still number 1 after all these years , you just ca nt beat their comfort .",17,0.2504456435908917,0.0
67,Absolutly love these shoes ! !,23,0.5000000126142605,0.78125
67,"Beautiful color , comfy , and lightweight",5,0.49999998738573953,0.85
68,I * * loved * * these shoes when I got them .,23,0.24676427641958626,0.7
68,"I 've noticed that the foam inside tends to compress during a workout , though .",3,0.25077333716359707,0.0
68,I 'll lace them tightly enough that they 're nearly cutting off my circulation .,9,0.25083617301947825,-0.3
68,"20 minutes later , I 'm sliding out of them while doing sled pushes .",3,0.25162621339733837,0.0
69,She loves them,12,1.0,0.0
70,These are a bit longer than they should be .,13,0.07206707912230617,0.0
70,could have easily ordered a 8.5,4,0.0693167834885382,0.43333333333333335
70,I usually wear a 9 but .,4,0.0686293116722282,-0.25
70,"The width is accurate . 

",1,0.07147941598007848,0.4000000000000001
70,the light gray is over the very bright pink,11,0.07204035959937527,0.4033333333333333
70,The pink is even pinker than shown and,11,0.07216843200528485,-0.1
70,so it is n't as gray as shown in the picture .,11,0.0721713902682254,0.0
70,It makes the shoe a bit overwhelming .,19,0.0723502040966228,0.5
70,Also two grommets on each shoe is dark .,19,0.07249324999370588,-0.15
70,"I 'm not referring to the dark grommets closer to the toe as shown in the photo , I 'm talking about two grommets up at the top of of the laces ( opposite side of side shown in photo ) .",19,0.07243865046816696,0.11666666666666665
70,I thought it was faulty at first until I noticed they were on the same side of each shoe .,19,0.07237788600116524,0.125
70,not pictured,11,0.07212813941825198,0.0
70,"Kind of odd and . 

",11,0.07003762046874112,0.21666666666666667
70,"Overall , they are very comfortable shoes which is why I am keeping them ... even if you can see me coming from a mile away .",18,0.07030147741730935,0.26
71,great,14,1.0,0.8
72,c,-1,1.0,0.0
73,Love them !,2,1.0,0.625
74,"Very nice shoe , just a bit to snug / small for my foot .",15,0.33395584889395824,0.265
74,The Flex wire really makes it the shoe fit tight to your foot .,7,0.3322128948079533,0.1404761904761905
74,"I need more "" wiggle "" room in my footwear , otherwise I would have kept them .",15,0.33383125629808835,0.5
75,my mid section of my foot starts to hurt using these shoes for a long day or a tough workout at the gym .,8,0.24887507871150386,-0.14629629629629629
75,"Not sure why , but",17,0.24722838014148202,-0.25
75,that never happened to me .,-1,0.253444657003278,0.0
75,I 've owned other nike shoes of this line but,17,0.2504518841437362,-0.125
76,My New Gym shoes !,0,0.5,0.17045454545454544
76,Love them,2,0.5,0.5
77,Perfect !,14,1.0,1.0
78,they fit fine .,1,0.1658067647590236,0.4083333333333333
78,I usually wear a size 8 and,4,0.16385176627894238,-0.25
78,These are way too narrow .,15,0.16769049717774673,-0.2
78,they did nt .,17,0.16755342403432164,0.0
78,Thought they might stretch out but,19,0.16798153369322993,0.0
78,Had to give away .,6,0.16711601405673568,0.0
79,Great shoe !,20,0.10368864651987808,1.0
79,I 'm still breaking them in .,17,0.1126260073953396,0.0
79,"Outside arch is kind of high , but",21,0.11204056258425799,0.25333333333333335
79,So I 'm sure that will work it 's way out .,24,0.11363327503585793,0.5
79,it was a tad too big .,15,0.11374085480970322,0.0
79,"I originally ordered a 9 , my regular size , and",4,0.1112911261398595,0.1875
79,ordered an 8.5,4,0.11084723601073268,0.0
79,it fits perfect !,1,0.10936483784153858,1.0
79,Returned and and,24,0.11276745366283236,0.0
80,I had to return the first pair and buy a 1/2 size smaller .  ,24,0.499999974668617,0.125
80,First time I 've had to buy smaller for Nike .,4,0.500000025331383,0.125
81,Fit comfortable,1,1.0,0.4
82,My favorite running shoes !  ,10,0.24841914152295586,0.625
82,"The wall of the shoe is very thin , which makes them very comfortable to wear if your feet swell as you run .  ",7,0.25061668623686856,0.0
82,they are perfect for trail running !,3,0.2506335633800174,1.0
82,"I would not recommend for use on concrete or a treadmill , as there is n't very much impact absorption , but",3,0.2503306088601581,0.20500000000000002
83,Nice fit,1,1.0,0.5
84,"really wanted to like them , since I loved the color and the light weight feel",23,0.12398550598963852,0.4333333333333333
84,"I bought these for gym training - weight class and dance class ( body jam , Zumba ) - and .",3,0.12652963090386415,0.0
84,went numb and cramped because the toe bed is very narrow,8,0.1262585543784393,-0.43
84,"But when I worked out high impact , my toes tingled , .",8,0.12589590157715488,0.16
84,"Also , there was n't enough cushion for me .",5,0.12418638297051017,0.0
84,"When doing lunges , the ball of my feet hurt .",8,0.12604906868433458,0.0
84,Ca n't return them because I wore them several times .,24,0.12088250739107707,0.0
84,These might be fine for someone with a narrow foot .,15,0.1262124481049813,0.10833333333333334
85,"They fit perfect , extremely comfortable",1,1.0,0.6
86,l love the colors !,11,0.5,0.625
86,No arch support but,21,0.5,0.0
87,Shoe was somewhat large,19,1.0,0.21428571428571427
88,love them !,2,1.0,0.625
89,This is a great shoe for in gym workouts .,0,0.24946501996190748,0.8
89,"had a blister on my pinky ,",8,0.2494769235604945,0.0
89,other than that these are very comfortable shoes !,18,0.2506495440979603,0.2625
89,I did take a 10 mile hike and but,4,0.2504085123796378,0.0
90,light,9,0.4999999936676474,0.4
90,Comfortable and,7,0.5000000063323525,0.4
91,Purchased these for my wife as she has a similar pair that is wearing out .  ,12,0.49999998736235796,0.0
91,She has feet are difficult to fit and these fit perfectly without pressure on sensitive portions of her feet .,15,0.5000000126376422,0.28
92,I have pretty high arches and my calves always hurt at the gym with other shoes .,8,0.1444847428260215,0.09500000000000001
92,"take gym classes , and lightly jog / run on the treadmill",13,0.14343701278006935,0.4
92,"I have been on the hunt for a good cross trainer that I can use to lift , .",21,0.14393233573742945,0.35
92,These have been wonderful !,2,0.13978181736748224,1.0
92,they fit like a glove .,1,0.14354630976264357,0.4
92,I do n't ever have any pain in my calves or my feet when wearing these and,8,0.144735139341904,0.0
92,Highly recommend !,22,0.14008264218444985,0.2
93,Great shoes,20,1.0,0.8
94,These were exactly what I expected .,1,1.0,0.075
95,Love love love,2,1.0,0.5
96,these are bigger than usual .,4,0.25442930573115896,-0.125
96,I always wear a womans 9 in Nikes but,4,0.2471479992805197,0.0
96,The right one almost slips off my foot a bit .  ,18,0.2539229207333815,0.2857142857142857
96,They are really light and not as sturdy as what I was looking for but over all not bad .,5,0.2444997742549399,0.375
97,These shoes are awesome ! !,23,1.0,1.0
98,been happy so far,6,0.24374268584534464,0.45
98,this time my left shoe fit perfectly while the right shoe was too loose on my heal and,18,0.2547438733766622,0.32175824175824175
98,when I tighten it more it was hurting side of my foot .,15,0.25097696336870334,0.5
98,"l always buy Nike shoes and , but",17,0.2505364774092897,0.0
99,they have turned into my daily ones I go to !,2,0.19524565202452704,0.0
99,Bought these as my back up shoes but,16,0.20335781834213496,0.0
99,my feet do n't hurt after long hours on my feet .,8,0.20142861230394335,-0.05
99,So comfortable and,7,0.19785998976580912,0.4
99,I own a cleaning business so I need my feet not to hurt in the middle of the day .,8,0.20210792756358534,0.3
100,Absolutely love these shoes and color ! !,23,0.19881862827111205,0.78125
100,They are perfect for running !,3,0.20343251908533957,1.0
100,I run roughly 4 miles 3x per week .,13,0.1990767205167051,-0.1
100,This is my second or 3rd pair of this exact style .,16,0.2049184333085687,0.08333333333333333
100,Fit is perfect !,1,0.19375369881827462,0.7
101,Super comfy !,7,1.0,0.41666666666666663
102,fits perfectly,1,0.4999999936787066,1.0
102,Ordered half a size larger than my usual shoe size and .,4,0.5000000063212935,-0.13888888888888887
103,Fit well .,1,1.0,0.4
104,The fit was perfect !,1,0.4999999937051013,0.7
104,I Highly recommend this shoe .,22,0.5000000062948986,0.16
105,Obsessed with these shoes !,23,0.198876400114555,-0.625
105,"I was looking for good all around sneakers ( running , walking , tennis , etc . )",0,0.20084802022850679,0.7
105,and these more than fit the bill .,1,0.19780627566140221,0.45
105,it does n't !,15,0.19904307759965095,0.0
105,"I was looking specifically for black nikes ( I love the fit ) with white soles ( good for court sports ) ; I was a little reluctant to purchase because I was n't sure whether the black on the soles would contact the ground , but",17,0.20342622639588506,0.19739583333333333
106,"Cute shoe , fit as expected , and very comfortable .",20,1.0,0.33
107,"On time , nice sneakers .",20,0.5,0.6
107,Fit as expected .,1,0.5,0.15000000000000002
108,"Perfect fit , as always .",1,1.0,0.7
109,"Great shoe , very comfortable",0,1.0,0.66
110,Love these sneakers !,23,0.5,0.625
110,Perfect fit and super light,9,0.5,0.5333333333333333
111,These shoes fit like a glove !,1,0.2014569868379334,0.5
111,very supportive,21,0.2038916435750827,0.65
111,Light but !,9,0.1972691666493038,0.5
111,feel very light on my feet,8,0.19560216491516727,0.52
111,I have worn them several times and .,3,0.20178003802251282,0.0
112,Fit true to size,1,1.0,0.375
113,Love the fit,1,1.0,0.45
114,after 9 hours on my feet anyone 's feet would hurt abit,8,0.5,0.0
114,Nike always makes a good shoe .. abit rough breaking them in but,17,0.5,0.3
115,Oops !,14,0.4999999873440993,0.0
115,I returned these because I ordered wrong size !,24,0.5000000126559008,-0.625
116,Extremely comfortable sneaker !,0,1.0,0.5
117,Good looking shoe,20,1.0,0.7
118,have received many compliments on the shoes,10,0.2000169547506051,0.5
118,I have had this style before in a different color and .  ,11,0.19722161230805943,0.0
118,They are great walking shoes !  ,20,0.2024736161776805,1.0
118,these shoes are one of the best I have found to accommodate them for fit .,0,0.20272633519113606,0.7
118,I wear orthotics and,0,0.19756148157251893,0.0
119,"I loved these shoes ... that is until after about an hour of wear , the green inserts on the sole of the right show began falling off .",16,0.3323884287953668,0.1964285714285714
119,"The wear was in my home , on smooth floors .",3,0.33352722699709414,0.4
119,I can only assume they were defective .,3,0.33408434420753896,0.0
120,Great !,14,0.19950054973916967,1.0
120,cute,20,0.20195494179602902,0.5
120,Super comfy and !,7,0.19581683902809566,0.41666666666666663
120,fit perfect,1,0.2022042024456306,0.7
120,No issues and !,5,0.20052346699107498,0.0
121,Good shoes,20,1.0,0.7
122,I returned them ... found a Ryka pair I liked better,24,1.0,0.55
123,BEST sneakers I 've ever purchased ! ! ! !,10,1.0,1.0
124,Excellent ... ! ! !,14,1.0,1.0
125,the best sneakers by far !,10,0.24922895340780057,0.5625
125,"I went solely on the reviews by others ... 
",6,0.24920592073688644,0.0
125,"I had never owned a pair of Nike sneakers , and",17,0.251729637496681,0.0
125,And I absolutely loved them ! !,2,0.24983548835863195,1.0
126,Love these shoes .,10,0.24861462199847667,0.5
126,I 've been buying Nikes for years now .,17,0.2508708166721343,0.0
126,I bought this pair for work and everyday wear and another pair for working out and active wear .,3,0.2504537873936833,-0.16666666666666669
126,"They also last a long time in my opinion , especially if you take care of them .",4,0.2500607739357057,-0.016666666666666666
127,Right one is slightly tight ..,18,0.5000000126659655,0.05357142857142856
127,hope it will stretch out .. ! !,-1,0.4999999873340344,0.0
128,the material is weird .,8,0.3309022087143555,-0.5
128,They 're ugly : the toe is rounded and,19,0.33546518348050197,-0.7
128,the Nike Womens Flex Trainer 6 is way better looking and costs about the same .,20,0.3336326078051424,0.25
129,awesome,14,0.5,1.0
129,So lightweight and !,9,0.5,0.0
130,Luv them ! !,2,1.0,0.0
131,Love the color and fit .,1,0.33161045530834726,0.45
131,they are very light and comfortable .,5,0.3378647857722968,0.46
131,I use them to work on at the gym on the treadmill and,3,0.3305247589193558,0.0
132,not too sure how I like the fit on my foot,15,0.20022157027702103,0.45
132,"Bought these shoes with HIIT in mind , but .",0,0.19966923738633022,0.0
132,"First time to wear them , not great for running .",20,0.20098211791360376,-0.07500000000000001
132,Maybe after they 're broken in a little they 'll get better .,21,0.19877352966480305,-0.029166666666666674
132,"If you just need a comfortable pair of shoes for walking , they 're fine .",0,0.2003535447582419,0.4083333333333333
133,My daughter loves them .,12,0.5,0.0
133,Great fit !,1,0.5,0.65
134,This is a very attractive shoe .,5,0.323235666984866,1.0
134,It is true to size and fits as expected .,1,0.3388466356328275,0.12499999999999999
134,Very satisfied with the seller - delivered on time .,6,0.3379176973823063,0.65
135,"Fits good , very lightweight .",1,1.0,0.44999999999999996
136,Comfortable shoe for both workout sessions and walking .  ,0,0.2466971821559531,0.4
136,too light,9,0.24996102819022026,0.4
136,Neither too bulky nor .  ,9,0.25259117338824444,0.0
136,"This is my second pair because they fit and have no neon or pink colors , just nice basic B&W.",16,0.25075061626558237,0.18
137,Nice,14,1.0,0.6
138,These are the best shoes I have ever use for my workouts ! ! !,0,0.24165243509951317,1.0
138,buy them in bulk,17,0.25445296153454033,0.0
138,I love them and ! ! !,2,0.254589549174118,0.9765625
138,LOL,14,0.2493050541918287,0.8
139,I love these shoes .  ,23,0.20122072132776367,0.5
139,they look really nice on .  ,20,0.19949021915328122,0.6
139,They fit as expected and,1,0.19678858037377037,0.15000000000000002
139,These shoes have a narrow base which I really like .  ,15,0.2012601603253041,-0.26666666666666666
139,I do n't like the ones that make your foot look wide .,15,0.2012403188198806,-0.1
140,Love this product .  ,6,0.5,0.5
140,Great fit .,1,0.5,0.6000000000000001
141,Very low cut heel so if you training and pushing sleds - I ran right out of shoes !,0,0.5000000063329565,0.17857142857142855
141,Although the traction on toe and heel are great,0,0.4999999936670434,0.8
142,Just what I needed for Group Fight class .,3,0.3387266361152382,0.0
142,Quick movements and footwork are so easy in these sneakers .,0,0.33714564031844657,0.3833333333333333
142,Love them .,2,0.3241277235663148,0.5
143,Love !,2,0.49999999999999994,0.625
143,Great price too .,6,0.49999999999999994,0.8
144,It 's been a long time since I 've worked a cross training shoe .,0,0.1257228458474347,-0.025
144,minimally passed compared to running shoes,3,0.12609437236333682,-0.1
144,This shoe is very light and .,0,0.12571570090810824,0.52
144,"That 's not meant to be a knock , just a fact . 

",15,0.12136051424411198,0.0
144,"I ordered the shoes half a size up because as a former runner , I 'm used to my feet needing room to spread and swell .",4,0.12391057926565978,-0.08333333333333333
144,I wish I had n't because they feel a little roomy .,5,0.12516019568001618,-0.1875
144,"I have orthotics , so I think I can remedy the issue once I swap those in . 

",21,0.12603659385062543,0.0
144,"Otherwise , very good shoes",20,0.12599919784070673,0.9099999999999999
145,"Good indoor training shoes for running on treadmill , doing lunges and regular exercises at the gym .",0,0.1437873822258253,0.35
145,"These are very flexible , light weight and comfortable .",5,0.14309751606677132,0.3333333333333333
145,"so I slipped a little when I worked on cable machines , resistance band , etc . on un - carpeted floor",8,0.1435193309176356,-0.1875
145,Grip is okay - sticky rubber is used only at the edges of heel and toe areas .  ,21,0.14531644563089913,0.25
145,I would not recommend them because mine ( cushion ) lasted only for six months and this is the reason I gave three stars .,22,0.14590380219280624,0.0
145,I would emphasize that if you do lifting as a part of your everyday routine workout,13,0.1439956228179515,-0.2
145,"Other than that , I liked them !",2,0.134379900148111,0.3125
146,Perf .,-1,1.0,0.0
147,Best shoes ever ! ! !,14,1.0,1.0
148,Fit good,1,1.0,0.55
149,they are perfect and very cute .,2,0.25254793525997954,0.825
149,I use these for my Cardio Dance class and,3,0.24055194129739643,0.0
149,I would definitely recommend .,22,0.2525395009472988,0.0
149,They also cam earlier than expected ! !,6,0.2543606224953252,-0.078125
150,I love these shoes so much that   I reordered another pair online .,16,0.20123680889580947,0.35
150,It 's hard to find shoes that fit my really wide feet !,15,0.20099420517289213,-0.005555555555555554
150,"feel like another layer of skin , not bulky or tight at all",7,0.19174897361887755,-0.17857142857142858
150,"The heel back is my favorite part on them , they 're thin and .  ",10,0.2036148299805353,0.033333333333333326
150,I walked all over Europe in these !,-1,0.20240518233188554,0.0
151,Love these sneakers .,10,0.3303353999051189,0.5
151,comfortable,18,0.32547288324902957,0.4
151,Light weight and even without socks .,9,0.34419171684585126,0.4
152,Nice product,6,1.0,0.6
153,I feel like this pair of shoes was made for my feet .,15,0.24314770859452148,0.0
153,comfort,18,0.24845651980457067,0.0
153,Great fit and !,1,0.2557625492315213,0.65
153,Very pleased with this purchase .,6,0.2526332223693867,0.65
154,Quick tranasaction ! ! !  ,6,0.3378311329745857,0.6510416666666665
154,Loved the shoes ! ! !  ,23,0.3217393792033001,1.0
154,Would purchase from them again ! ! !,6,0.3404294878221138,0.0
155,"I got the impression it 's cushiony and comfy by reading the reviews on this product , when i tried it on it was a much firmer than my other work shoes , i 'm standing all day and need enough support and comfort , this is n't the right product for that . 
",0,0.12200567544603903,0.09017857142857143
155,"i would assume it would work fine for training . 

",3,0.12225721660595146,0.4166666666666667
155,"So i had to return it , but",24,0.12546549464132245,0.0
155,It looks decent and clean .,21,0.12684771275695123,0.26666666666666666
155,and seems sturdy .  ,9,0.12443712104868408,0.0
155,"just not the right thing for me . 
",18,0.1268156416585509,0.2857142857142857
155,.. credit for that,6,0.12685643707328623,0.0
155,I was refunded instantly upon returning so .,24,0.12531470076921464,0.0
156,"So comfortable , I do n't even feel like I have a sneaker on .",0,0.5000000125984714,0.4
156,Based on the other reviews I got a half a size up and glad I did .,4,0.4999999874015287,0.06944444444444446
157,they are very comfortable feel like you have nothing on .,5,1.0,0.52
158,My favorite nike shoe,10,1.0,0.5
159,extremely lightweight,9,0.33487280497992383,-0.125
159,Super comfortable and .,7,0.3372376582200689,0.3666666666666667
159,Great for crossfit !,3,0.3278895368000072,1.0
160,Beautiful I love them comfy,5,1.0,0.675
161,the bottom is coming off .,19,0.336025873236371,0.0
161,I 've not even had them a month and,17,0.333659816298656,0.0
161,I 'm not happy !,22,0.33031431046497295,-0.5
162,Love them !,2,0.33213698436475647,0.625
162,Fit exactly as expected in length and width !,1,0.3335498846546201,0.1375
162,I would definitely buy these again .,22,0.3343131309806233,0.0
163,"My second pair , love the fit , light weight and great support .",16,1.0,0.42000000000000004
164,these were too narrow but very nice looking .,20,0.5,0.29000000000000004
164,I have wide feet and,15,0.5,-0.1
165,Ugh ... way to large - is this for a man ?,4,1.0,0.21428571428571427
166,The shoe fit has expected .,1,0.49999999999999994,0.15000000000000002
166,It is comfortable .,7,0.49999999999999994,0.4
167,look great,10,0.33401429314773434,0.8
167,", are quite comfortable and are I was looking just what for !",5,0.33097295942538896,0.5
167,"They fit great ,",1,0.3350127474268765,0.6000000000000001
168,"Super comfy , true Size , I use them for boot Camp ,   cross fit",0,0.32757282509259844,0.27083333333333337
168,", absolutely recommended it .",22,0.3348230995230853,0.2
168,and they are great,2,0.33760407538431586,0.8
169,Love them absolutely comfortable .,5,0.14358081648605103,0.45
169,they work great .,20,0.1456715965669937,0.8
169,"I 'm very picky with sneakers and this ones for the price are great I use them for cross fit , boot camp &",0,0.14365199254766178,0.35
169,"The sole is very flexible , true size .",18,0.14497364911220992,0.18333333333333335
169,they fit perfectly .,1,0.14012274039464442,0.7
169,I have a wide feet and,15,0.14216330306037175,-0.1
169,Very nice looking Great sneakers .,20,0.13983590183206732,0.79
170,Wife happy with fit .,1,1.0,0.6000000000000001
171,They run big .,4,0.4999999936670605,0.0
171,Order a full size smaller .,4,0.5000000063329395,0.175
172,very comfortable,7,0.19916038379769388,0.52
172,Super light and .,9,0.19665913383110126,0.3666666666666667
172,"they lack a bit in arch support , so the soles of my feet are a sore .",8,0.2012633862145873,0.0
172,I 'm a runner and,13,0.20048334028815715,0.0
172,I 'm going to add an insert to try fix the problem .,2,0.20243375586846038,0.0
173,I have received many compliments on how pretty these white and pink shoes are .,10,0.25253429130195515,0.1625
173,"Just because they are white , they do need a washing regularly but",16,0.2526563087953273,0.0
173,Extremely good Nike quality .,17,0.2527945028346673,0.7
173,Highly recommended .,22,0.2420148970680502,0.16
174,Arrived in time .,6,0.25012026430538203,0.0
174,Fit as exoected .,1,0.25010308783676477,0.4
174,I wore them 2 days in a row for more than five hours per day .,3,0.24714858929501518,0.5
174,They take some breaking in but,17,0.25262805856283804,0.0
175,they are nice a roomy and allow my feet to breath .,5,0.3370725020740897,0.6
175,I 've been using these to exercise and,3,0.33134075337790453,0.0
175,Also love the colors .,11,0.33158674454800574,0.5
176,Comfortable from the start and very light .,5,1.0,0.46
177,As expected .,1,1.0,-0.1
178,"Lightweight , comfortable , supportive .",5,0.5000000126465263,0.45
178,Very happy I bought these shoes for working out .,0,0.49999998735347373,1.0
179,have them in a light blue too,10,0.33565666914477393,0.2
179,I love these and .,2,0.33347052445102926,0.5
179,"Very light weight , airy , and comfortable .",5,0.3308728064041967,0.46
180,good quality,17,1.0,0.7
181,Very comfortable sneakers,0,0.5000000125611705,0.52
181,and I also like the way it fits .,1,0.49999998743882945,0.0
182,Purchased to wear for weightlifting and Zumba .,3,0.20214950125393205,0.0
182,they were great !,2,0.19609357568504565,1.0
182,"Zumba trial was last night , and",3,0.1990365462244454,0.0
182,"Super comfortable , good ventilation !",7,0.2000693995407723,0.5361111111111111
182,"Not too much padding , very minimalist , which is just what I wanted",9,0.20265097729580467,0.2
183,lightweight,9,0.5000000189970717,0.0
183,Comfortable and .,7,0.49999998100292825,0.4
184,they both have certainly out done the $ 100 K - swiss that I 'm looking to return .,9,0.329678137092607,0.21428571428571427
184,I love these shoes my second pair of 40 plus $ shoes and,16,0.3351681996741616,0.25
184,"The shoes are extremely comfortable , all my clients love them , just wish they came in more colors .",17,0.33515366323323126,0.4666666666666666
185,", the shoelaces are a little bit too long .",15,0.3368382337120993,-0.11875
185,They fit as expected and perfect for training,1,0.33015396814026376,0.43333333333333335
185,Other than that these shoes are as I expected them !,1,0.3330077981476367,-0.125
186,Extremely well fitting and light weight,9,1.0,0.25833333333333336
187,Perfect,14,1.0,1.0
188,Love them,2,1.0,0.5
189,have worn them for a long time,3,0.25439516763171877,-0.05
189,I love these shoes and .,10,0.2525472169232127,0.5
189,are very cute,20,0.24332643145424002,0.65
189,"That are comfy , thinner on the top & sole and !",15,0.24973118399082847,0.25
190,turned out as expected,2,0.3331493801597128,-0.1
190,Fast shipping and .,6,0.3333193628809953,0.2
190,Could n't be happier .,6,0.3335312569592919,0.0
191,they are great for comfort and they are light weight .,5,0.4999999746782164,0.6000000000000001
191,I have been wearing for a solid week during my work outs &,3,0.5000000253217837,0.0
192,Love these shoes for circuit training .,0,1.0,0.5
193,Super comfortable .,7,0.32797262998590176,0.3666666666666667
193,this is the perfect shoe .,1,0.33458248667236556,1.0
193,I joined Cross Fit and,13,0.3374448833417323,0.2
194,just do it :),14,1.0,0.5
195,"Love these , comfortable , light weight , great fit .",9,1.0,0.5
196,I love this show .,2,1.0,0.5
197,The shoes are true to size .,1,0.33002070634872555,0.35
197,I am used to wearing running shoes so these have been an adjustment .,3,0.3360511356290192,0.0
197,"Overall , the shoe is nice and provides well for my HIIT and Grit classes I take .",0,0.33392815802225506,0.3
198,Love them !  ,2,0.197825744405487,0.625
198,I ordered an 8.5 because I usually wear that size but these are a bit big .,4,0.2016651419571094,-0.125
198,I wish I ordered an 8 .,4,0.2000965545837747,0.0
198,I enjoy wearing them .,12,0.20242999808964374,0.4
198,They are really comfortable and,5,0.19798256096398512,0.4
199,Very comfortable .,7,1.0,0.52
200,Very nice shoes .  ,20,0.49999998758198355,0.78
200,Comfortable .,18,0.5000000124180164,0.4
201,Very comfortable .,7,0.5000000126409572,0.52
201,I love wearing them .,23,0.49999998735904294,0.5
202,Great fit so comfortable love them ! ! ! ! !,20,1.0,0.65
203,A nice lightweight shoe .,0,0.5000000126655897,0.6
203,Not a lot of cushion so I would n't run long distances in them .,3,0.49999998733441026,-0.05
204,I really love these shoes .  ,10,0.330884850468177,0.5
204,They are attractive and very comfortable .  ,5,0.33326579831889913,0.66
204,They work well for my daily workout and fit well .,3,0.3358493512129239,0.2
205,Comfortable shoe .  ,0,0.15426566819765547,0.4
205,First time I 've ever bought nikes that feel so large .  ,4,0.17018974555574118,0.23214285714285715
205,It feels about 1/2 size too big .  ,4,0.1693751235019445,0.0
205,I bought 7.5 .  ,4,0.16840358798735217,0.0
205,on occasion an 8,4,0.16834769171762393,0.0
205,I normally wear exactly that size and .,4,0.16941818303968254,0.2
206,Ordered 9(m ),4,0.33383676713597865,0.0
206,received 9 Wide for the second time .,4,0.33368449631086167,-0.05
206,Returned them for the second time .,24,0.33247873655315946,0.0
207,Nice shoes,20,1.0,0.6
208,This is my second pair of these shoes .  ,16,0.20386782269883486,0.0
208,they provide support for walking .  ,21,0.19921044424905734,0.0
208,I love the fit and,1,0.19858091970541306,0.45
208,"I like the way the shoes fit around my ankle , as many shoes are uncomfortable because they come up too high in the back .  ",15,0.20044513763282262,0.11200000000000002
208,Try them !,2,0.19789567571387223,0.0
209,There is about a 1/2 inch of extra space from the tip of my big toe to the front of the shoe .,15,0.11150847363253752,0.0
209,"That 's okay , though .",-1,0.10848299367565198,0.5
209,"so it does n't feel too big , even if it does make your foot look a bit long",15,0.11145394123121427,-0.025
209,"I usually wear socks , . 

",4,0.11172301251831804,-0.25
209,"the sole has plenty of grip , even on a slippery floor .",0,0.1123732567891664,0.0
209,"The colors are vibrant , and",11,0.1083730763292226,0.16666666666666666
209,"they are comfortable . 

",5,0.11124765501026779,0.4
209,I wore them for most of the day and,3,0.1129635176455373,0.5
209,"Overall , I 'm very pleased with this shoe .",6,0.11187407316808404,0.325
210,Got them for my girlfriend .,12,0.33741543736196616,0.0
210,She loves them .,12,0.3357179025113021,0.0
210,Says it 's like wearing slippers because they are incredibly light .,0,0.3268666601267316,0.4
211,Serves intended purpose,-1,1.0,0.0
212,They are super comfortable .,5,0.5,0.3666666666666667
212,Loving them .,2,0.5,0.6
213,I have gotten so many compliments on the blue color and look of this shoe .  ,10,0.2501377182496469,0.25
213,It is super comfortable .  ,7,0.24536600096225664,0.3666666666666667
213,The grip is wonderful for my indoor gym cross training classes .  ,3,0.255876915650618,0.5
213,I always order a half size larger in Nike brand shoes and thy fit perfectly as I did with this shoe .,4,0.24861936513747812,0.30833333333333335
214,not much cushioning in the footbed,-1,0.3379187378072902,-0.1
214,"Fit is fine , but .",1,0.3294133702376831,0.4083333333333333
214,The first time wearing them on a long walk I developed a blister on the bottom of my foot .,8,0.33266789195502644,0.10000000000000002
215,"Perfect for the gym , could use a little more support in the toe area but very comfortable and light .",15,0.5,0.4465
215,Fit true to size .,1,0.5,0.375
216,provided no support,21,0.33609315008297824,0.0
216,"Meh , felt very comfortable but .",7,0.331602063274779,0.52
216,Seem like a good option for walking around in the summer but not for aerobics or lateral movements,3,0.3323047866422426,0.7
217,Love these !,2,0.3288514528143671,0.625
217,comfortable,18,0.3284785852945306,0.4
217,Super light and !,9,0.342669961891102,0.41666666666666663
218,Loved the products and services ! !,6,1.0,1.0
219,It 's hard to find a lightweight athletic shoe with a wide toe box .,15,0.16669597465495775,-0.19583333333333336
219,This shoe has that .,19,0.1682936526045423,0.0
219,I am happy with the support for walking and everyday wear .,3,0.16725981104758386,0.30000000000000004
219,I would n't run in them .,13,0.16758035166727292,0.0
219,Now I just have to stock up on as many pair as I can afford before Nike discontinues them :) .,17,0.16549753381240262,0.5
219,Do n't you hate when that happens ?,-1,0.16467267621324036,-0.8
220,"The shoes are amazing , very comfortable and fit as expected highly recommended .",0,0.49999998746909347,0.31599999999999995
220,:),14,0.5000000125309065,0.5
221,Super comfy ! !,7,1.0,0.5208333333333333
222,"I needed a wide size , that option was not available .",3,0.2033302232490668,-0.15000000000000002
222,So I went up a half size bigger hoping that would work .,4,0.2022780896841373,-0.08333333333333333
222,I am   able to wear them .,3,0.20541980240543944,0.5
222,It 's not quite comfortable but,18,0.19117929414884396,0.4
222,I like the shoes .,1,0.19779259051251233,0.0
223,Look great,10,1.0,0.8
224,I love these shoes .,10,0.2036703053078485,0.5
224,"when it comes to Nikes , I do n't need all the cool colors",17,0.20343294016955854,0.35
224,"so these look amazing and feel amazing , like they were made for my feet",0,0.1999129623296445,0.6000000000000001
224,"I am rather basic , .",9,0.19563854287408602,0.0
224,I definitely suggest purchasing them .,22,0.19734524931886238,0.0
225,comfy,18,0.19788913395044383,0.0
225,Cute and .,11,0.20211156496697302,0.5
225,Sleek design .,15,0.20417168975368466,0.0
225,My only complaint is the fly wire loosens up and my shoe sometimes slips off my heels during heavy sled runs .,20,0.19583245257007945,0.075
225,I have two pairs of this style .,16,0.199995158758819,0.0
226,I love them !,2,1.0,0.625
227,normally Nike fits small so we go up a half size .,4,0.3299127350221723,-0.08888888888888889
227,These actually fit to my wife 's appropriate size .,1,0.3342409260553654,0.45
227,So be ware when you order .,6,0.3358463389224621,0.0
228,love these shoes .,10,0.5000000126531852,0.5
228,use them to workout inside and to work,3,0.4999999873468148,0.0
229,I own multiple shoes in this brand .,3,0.3337905153103141,0.3
229,"I was shocked at how small these shoes were , not true at all to size , and",1,0.3344028960373057,-0.375
229,"The quality could have been better , in my opinion -- very little support from the upper .",5,0.33180658865238005,0.08541666666666665
230,Great shoes - was looking for something to replace my barefeet so I can wear orthotics while kickboxing .,0,0.14206150057697683,0.8
230,hug my feet comfortably and have a thinner upper so I can still feel the bag when I kick,15,0.14321472793471554,0.2
230,they have good lateral stability .,3,0.14562469296513478,0.7
230,"These are light weight , AND",9,0.14292169843169797,0.4
230,My feet are on the narrow side so it 's hard to find shoes that are snug enough .,15,0.14293413185038537,-0.1638888888888889
230,These are perfect .,2,0.14164559356260253,1.0
230,"Oh , and they are really cute too .",2,0.1415976546784869,0.5
231,They fit perfectly .,1,0.3384887593309103,0.7
231,These shoes are great for walking - so very comfortable .,0,0.3241448974393495,0.66
231,Love them .,2,0.33736634322974,0.5
232,comfy,18,0.24874904576340032,0.0
232,Good fit and .  ,1,0.25344507517026094,0.55
232,Not so cushiony so definetly better for training and not for running or aerobics .,3,0.25178451210278446,0.5
232,Bought size 8 which is my usual size .,4,0.2460213669635544,-0.25
233,comfortable,18,0.5,0.4
233,Light weight and,9,0.5,0.4
234,I was wearing running shoes for cardio dance classes at the gym because I thought they would be sufficient .,0,0.16741183973852988,0.0
234,found out cross trainers would be more appropriate which is how I ended up buying this pair,0,0.16660565008514952,0.3333333333333333
234,After getting 2 blood blisters I did some research and .,8,0.16657378675351728,0.0
234,They are slightly longer in look then I   would like but I think that is typical of cross trainers .,15,0.16511861941287617,-0.1111111111111111
234,"Also , the lacing is done in a way that allows you to tie too tightly if you 're not careful ( my toes were tingling during one particular work out when I had done this ) .",15,0.16769856732628063,0.0126984126984127
234,Other then that I am very happy with the shoes .,22,0.1665915366836463,0.4375
235,they were actually very roomy .  ,5,0.16757793681813218,0.2
235,"Nikes usually run small and I 'm a 7.5 , so I ordered these in an 8 and",4,0.16281084438029764,-0.25
235,they are definitely bright orange / coral and not bright crimson like the description said .  ,11,0.16946894603556967,0.17500000000000002
235,I love them but,2,0.16544057328396583,0.5
235,instead I use them for running .,3,0.16548992953994118,0.0
235,"I thought they 'd be more red in hue to wear with my Ohio State clothes , but",11,0.16921176994209328,0.25
236,Color was not at all what i expected .  ,11,0.33340099359226427,-0.1
236,It was more orange then red .  ,11,0.33401195267297024,0.25
236,Not sure that I am going to keep them .,16,0.3325870537347653,-0.25
237,Perfect fit !,1,0.16926075680030223,0.75
237,on sale,6,0.1703338957238738,0.0
237,Brand new in new box completely perfect condition and ! ! !,1,0.16510216729545035,0.42424242424242425
237,Awesome !,14,0.166270944885955,1.0
237,Highly reccomend !,22,0.16902545051484968,0.2
237,Super cute shoes .,20,0.16000678477956873,0.41666666666666663
238,Squeaky,7,1.0,0.0
239,"If you wear Nike on the regular , then you should pretty much know your size .",4,0.09942651530502788,0.15
239,it fit just as expected .,1,0.09821672922417818,0.15000000000000002
239,"I wear only 7 's in Nike , and",4,0.09708537625292016,0.0
239,love them all,2,0.09861690965260791,0.5
239,"I have many of the trail runner generations , and .",13,0.1020360888212892,0.5
239,"they 're my go to sneakers for the gym use , or casual wear .",0,0.09998214733541043,-0.5000000000000001
239,I have a pair I used mostly for casual wear that have lasted about 5 years .,0,0.10253926546945448,-5.551115123125783e-17
239,Another pair that I used for cross fit / outdoor runs that lasted a little over a year ( very vigorous daily use ) .,4,0.10207846851019181,0.0825
239,"All in all , these shoes are great for me .",20,0.10061087709977956,0.8
239,"They 're lightweight , and comfortable .",5,0.09940762232914029,0.4
240,cushion,5,0.33012477940362717,0.0
240,Great arch support and both for the heel and ball of the foot .,21,0.33684434352278064,0.8
240,Great aerobic shoe !,20,0.33303087707359186,1.0
241,"Good quality , perfect fit .  ",1,0.4999999874051888,0.7000000000000001
241,It 's a Nike !,17,0.5000000125948112,0.0
242,"purchased 8.5 for a more comfortable feel , considering shrinkage as a result of perspiration",4,0.5,0.45
242,"Size 8 , but .",4,0.5,0.0
243,these are too long- at least an inch and 1/2 .,15,0.5000000063325027,-0.175
243,"I 've always gotten this size in Nike shoes with similar description , but",4,0.49999999366749714,0.0
244,Very lightweight .,9,0.33288830065984676,0.2
244,Normal Nike quality .,17,0.32717400269823754,0.15
244,"Pink is very bright , colors look great together .",11,0.33993769664191564,0.5366666666666667
245,Love them ! !,2,1.0,0.78125
246,Arrived on time .,6,0.20080189714657293,0.0
246,if I wear thick socks they are fine,8,0.1975923364076847,0.05833333333333332
246,"I probably should have gone with a 7.5 instead of an 8 because they do seem a little big , but .",4,0.20102941311199693,-0.09375
246,"Also , they can sometimes make a very annoying squeaky noise when I run on certain surfaces so I 'm trying to get them worn in .",7,0.199741588783491,-0.39285714285714285
246,"Over - all , I am satisfied with my purchase !",6,0.20083476455025445,0.625
247,After less than a week the sole ripped off on the outside of the shoe,21,1.0,-0.05555555555555555
248,The lines do n't really show up unless there is a bright light on them .,11,0.20019427617825342,0.4333333333333334
248,that they are perfect,2,0.19901501476398867,1.0
248,But other than .,-1,0.20198602200163193,-0.125
248,are comfortable the first time you put them on,5,0.19819265195372793,0.325
248,They are very true to size and .,1,0.20061203510239803,0.45499999999999996
249,I love these !  ,2,0.252472179543872,0.625
249,I ordered an 8.5 which is my normal shoe size and they fit great .  ,4,0.24708571155170012,0.45
249,"they performed well , and they are sooooo pretty !  ",2,0.2530583534972751,0.3125
249,"I used them for my strength training class and Comfortable , low profile and stylish !",0,0.24738375540715274,0.3416666666666666
250,comfortable,18,0.49999999367779396,0.4
250,Cute and,11,0.500000006322206,0.5
251,Very comfortable .,7,1.0,0.52
252,Sizing was perfect as ordered .,1,0.5,1.0
252,"Quality appears good , still new , not too much more to report .",1,0.5,0.4454545454545455
253,Size really depends on the brand .  ,4,0.20355825890603427,0.2
253,they fit me perfectly .  ,1,0.1965585228455429,0.7
253,I wear a 6.5 in Nike and,4,0.1996786590059915,0.0
253,do not restrict movement,-1,0.20072931882818898,0.0
253,"These shoes are comfortable , they wrap around my feet like a bandage but .",0,0.19947524041424225,0.4
254,I was really excited when I opened the box to see the color is exactly like the image shows !,11,0.2491206741457509,0.34375
254,used the same size to order these,4,0.24970105738729703,0.0
254,I have the Nike flex tr 5 and .,17,0.24732980899197157,0.0
254,They are a little bigger than expected but still comfortable .,4,0.25384845947498047,0.02812500000000001
255,Returning these .,24,0.16418207972619775,0.0
255,the pictures on here make the shoe appear all black with a touch of pink in the check .,11,0.1689416350498473,-0.13333333333333333
255,"however , the whole shoe has pink coming through .",19,0.16888899138114283,0.05
255,I was looking for an all black shoe .,20,0.16728125950666373,-0.16666666666666666
255,love them,2,0.16439206404748807,0.5
255,I ordered the Nike Women 's Flex Supreme TR3 instead and ! ! !,17,0.1663139702886601,0.0
256,"wow these are the most comfortable , light weight shoes .",0,0.5,0.35
256,I love them ! !,2,0.5,0.78125
257,love the lightweight and the fit,23,1.0,0.45
258,"fits perfect , my daughter loves them",1,1.0,1.0
259,"Finally , after trying about 10 pairs of Nike 's , these were a perfect fit .  ",16,0.49999998733591283,0.4666666666666666
259,"They are light and very comfortable , I really just forget about my feet when I 'm wearing them .",5,0.5000000126640871,0.37333333333333335
260,my daughter LOVES them,12,0.4999999873637722,0.0
260,Came quick and,6,0.5000000126362278,0.3333333333333333
261,Great Gift - she loved it !  ,12,0.5000000126608675,0.8375
261,It 's a nice shoe !,20,0.4999999873391325,0.75
262,she loves them .  ,12,0.33468403304425953,0.0
262,Bought these for my daughter and,12,0.3354482484704029,0.0
262,"She tried them on at a retail store a couple months prior , so I knew her exact size .",12,0.3298677184853374,0.125
263,fast shipping,6,0.4999999746681546,0.2
263,Great product and !,6,0.5000000253318454,1.0
264,bought it online,16,0.25108485394638436,0.0
264,Tried one in the store and,4,0.25165785278678826,0.0
264,but it was a different   kind of shoe .,19,0.24712935935286887,0.3
264,"Too big , different fit !",16,0.2501279339139585,0.16666666666666666
265,"of all my aches and pains , my feet was not one of them .",8,0.24671856469543701,0.0
265,I had the older generation of this shoe that survived 2 or 3 mud runs and,20,0.25122673791630634,0.16666666666666666
265,This is because of this shoe .,20,0.25098491001504764,0.0
265,Nike really dropped the mic with this .,17,0.25106978737320895,0.2
266,This pair fits perfect ..... the first pair was wrong size in the right box ..... definitely order again ! ! ! ! !,4,1.0,0.20714285714285713
267,I returned these as they were not true to size .,24,0.49999999366724535,-0.175
267,They ran large .,0,0.5000000063327547,0.21428571428571427
268,wrong shoes,4,1.0,-0.5
269,There very nice,2,1.0,0.78
270,I actually have 3 pairs of these trainers .  ,16,0.24976549612087426,0.0
270,"They are very comfortable , there is a neoprene sleeve that goes around your ankle that makes them the most comfortable for me compared to normal athletic shoes .  ",18,0.24896852176341075,0.39249999999999996
270,"this is perfect , but you may want to round up on the size or try on in the store first if your feet are on the wider side .",4,0.2504261804373849,0.35000000000000003
270,They run a little narrow - for me,15,0.2508398016783301,-0.19375
271,Just too big otherwise I liked them !,2,1.0,0.375
272,Comfortable shoe .  ,0,0.500000006271049,0.4
272,I would buy again,6,0.49999999372895104,0.0
273,comfortable,18,0.5000000126564843,0.4
273,Light weight and .,9,0.49999998734351564,0.4
274,Fit my size perfectly and very comfortable !,1,1.0,0.6833333333333332
275,Love these shoes !,23,0.197274467780691,0.625
275,these are perfect .,2,0.2027369149846857,1.0
275,Needed new running shoes and,0,0.19576513450267882,0.13636363636363635
275,fit great,1,0.20253110590965825,0.6000000000000001
275,Light weight and !,9,0.20169237682228608,0.5
276,Purchased these for our teenage daughter .,12,0.33770165117954665,0.0
276,She loves them .,12,0.33593582449881415,0.0
276,For both casual wear and sports .,0,0.326362524321639,-0.5000000000000001
277,found them really comfortable with no aching feet at the end of the day,0,0.2007012840959011,0.4
277,"Love these shoes , I have worn them all day and .",10,0.20136483914283795,0.5
277,true to size,1,0.1973428762357515,0.35
277,Fantastic colour and .,11,0.19847753090873144,0.4
277,I also bought   Nike Women 's Flex Supreme Tr 3 Pnk Pw / Mtllc Slvr / Cl Gry / White Training Shoe and these shoes are slightly more comfortable than those even though they look very similar .,17,0.20211346961677795,0.225
278,Super light weight comfortable !,5,0.24929401530655532,0.41111111111111115
278,run too,13,0.2509563939805639,0.0
278,Kick box in these and .,0,0.24932849410176686,0.0
278,Good support !,21,0.2504210966111138,0.875
279,they are very comfortable,5,0.07200740947621212,0.52
279,i bought a size 6.5 when I normally where a size 7 .   and even the 6.5 feels a little roomy .  ,4,0.0696725693444799,-0.018750000000000003
279,i bought a pair from DSW for 50 $ and but,16,0.07261463639829667,0.0
279,I have wide flat feet btw .  ,8,0.07165288464106948,-0.0625
279,i m not sure if I will keep them even though i love their look and comfort .  ,18,0.07322035178891315,0.125
279,I think they wo n't give me enough support when running .  ,3,0.07235641175107474,0.0
279,I 've been having feet problems while taking a gym class and,8,0.07136267275108606,0.0
279,i do n't know if they 'll last long if you use them everywhere else .  ,21,0.07344754358335354,-0.025
279,"they 're great for wearing at home or gym and doing exercises in one place- extremely light weight and flexible , but",3,0.07276973283155341,0.6000000000000001
279,:(  ,14,0.06836790829790133,-0.75
279,i really like them,2,0.06976963728734285,0.2
279,"but i ca nt just buy 2 different shoes . 
",17,0.07170411466683067,0.0
279,"also , i really like the strings inside the lining on the side of the shoes to adjust and make the shoe fit snug .",15,0.07210916550481374,0.30000000000000004
279,it makes me feel secure :D,7,0.06894496167707227,0.7
280,really lightweight,9,0.5000000253229517,0.2
280,Not a lot of arch support but .,21,0.4999999746770482,0.0
281,EXCELLENT,14,1.0,1.0
282,Good for non - aerobic workout .,3,0.334336608433096,0.7
282,no support for lateral movrment,21,0.3368562411307942,0.0
282,Mesh was very comfortable but .,7,0.32880715043610953,0.52
283,Favorite Nikes ever .,10,0.1621498492357508,0.5
283,was ready for a new pair,1,0.1671384598927707,0.16818181818181818
283,I already owned this style and,17,0.16930836803321359,0.0
283,so I went with these .,4,0.16749492011375175,0.0
283,they fit great .,1,0.16692134189339156,0.6000000000000001
283,Love the color and,11,0.16698706083112141,0.5
284,Light - weight comfy shoes .,0,1.0,0.4
285,these were the best !,2,0.5,1.0
285,Tried a lot of shoes for cross training and,0,0.5,0.0
286,I love everything else about them !,2,0.4999999873831393,0.625
286,"Wish they had a little more support / cushion , but",5,0.5000000126168607,0.15625
287,These are as far as comfort goes the most comfortable pair of sneakers I have I suffer from sciatica pain that goes into my feet I have difficulty finding the proper support and comfort in shoes I would recommend these most definitely .,0,1.0,0.25
288,After my purchased I found out they are overpriced .,12,0.3360351615187503,0.0
288,They feel good,5,0.33080999583035703,0.7
288,but I will not recommended if you need Wide fit .,22,0.3331548426508925,0.15000000000000002
289,they are too small .,4,0.20259376768574824,-0.25
289,"I bought a pair of these in my size , but",16,0.20091137934897157,0.0
289,I can get my feet in them but not comfortably .,8,0.19942374925650735,-0.2
289,It 's too bad because I can tell the soles are comfortable .,0,0.19805912533580397,-0.1499999999999999
289,"Of course , now I 've work them to work so I ca n't return them .",24,0.1990119783729688,0.0
290,Love them !  ,2,0.3295626353885331,0.625
290,great for weight training,3,0.33303393487948063,0.8
290,Very comfortable and !,7,0.33740342973198606,0.65
291,went up half size,4,0.14308399425828866,-0.16666666666666666
291,it was too large .,4,0.14444359370319318,0.21428571428571427
291,Took other reviewers advice and and,-1,0.14348398183772448,-0.125
291,I thought this was a more sock - like fit,1,0.1432976864900378,0.45
291,but it had a tongue that came up high on my ankle not at all sock like .,19,0.142741542911493,0.16
291,Nice looking and very light weight with a rounded square toe that left plenty of room front foot and toes .,20,0.14008939464974252,0.37333333333333335
291,These just were n't what I was looking for .,20,0.14285980614952015,0.0
292,very cute,20,0.49999999367063525,0.65
292,Really comfortable and .,7,0.5000000063293648,0.4
293,These shoes are great .  ,10,0.3324118251595249,0.8
293,I love them .,2,0.3303528251758418,0.5
293,This is the second pair that I have purchased and,16,0.33723534966463325,0.0
294,Fit to size .,1,0.49999999999999994,0.4
294,Comfortable,18,0.49999999999999994,0.4
295,Picky daughter actually loves them .,12,1.0,0.0
296,Fit like a dream !,1,0.2517991771472675,0.5
296,Great for cross - training / HITT videos I do everyday .,3,0.25032448326859336,0.20000000000000004
296,Great for walking too .,3,0.2501742529414306,0.8
296,Look amazing !,2,0.2477020866427085,0.7500000000000001
297,Most comfortable training shoes I 've worn in a long time .,0,1.0,0.2833333333333333
298,I bought these sneakers for boot camp class .  ,0,0.25000559863943217,0.0
298,They are very light weight and different than other sneakers that I have owned .  ,17,0.2519959812615138,0.13166666666666668
298,like them so far,2,0.24443919651624715,0.1
298,"Have only used them a few times , but .",21,0.25355922358280697,-0.1
299,I got a hot spot on the bottom of my foot the first day I wore them .,8,1.0,0.25
300,Still breaking them in for use at the gym .  ,3,0.33363754800257217,0.0
300,"I think once I get used to them , they 'll work great !  ",21,0.33880825329462405,1.0
300,:),14,0.3275541987028037,0.5
301,Not a fan .,2,0.49999998735654944,0.0
301,Shoes looked great but too narrow for most feet .,15,0.5000000126434505,0.3666666666666667
302,I love these shoes .,10,0.2517608440858172,0.5
302,just take them on longer walks,13,0.25155874027761016,0.0
302,I exercise in them as well as .,3,0.2548439407651294,0.0
302,"Feels good , looks GREAT ! !",20,0.2418364748714433,0.85
303,fits perfect,1,1.0,1.0
304,Very comfortable shoes .,18,0.2504429862455244,0.52
304,I have wide feet with falling arches .,15,0.24974992902076903,-0.1
304,are comfortable enough that I can be in them all day long,5,0.2544221265539407,0.11666666666666668
304,These help both and .,13,0.24538495817976577,0.0
305,are for my requirements,9,0.24874975042538186,0.0
305,"Unfortunately , this Flex Supreme does NOT have enough support over the toe and ankle . 
",15,0.2466811017502637,-0.25
305,Returning for credit .  ,24,0.2501100685705825,0.0
305,Thanks anyway .,-1,0.25445907925377187,0.2
306,After using this shoes seven times for regular activities like walking or dancing the sole came out .,3,0.2447358334650882,0.0
306,I am very disappointed .,-1,0.25119273626126415,-0.9750000000000001
306,I do n't recommend this product at all .,22,0.25273343992562464,0.0
306,The worse part is that I can not return this item because the return window closed 4 days ago .,24,0.2513379903480232,-0.25
307,Fit like gloves to my feet !,1,0.5,0.5
307,Perfect for workouts .,3,0.5,1.0
308,I 've worn these to work out for 5 days in a row now .,3,0.20033588145822281,0.0
308,over time the discomfort subsided entirely .,8,0.20001835616969652,0.0
308,"Initially , my arches ached but",8,0.20039993920346794,0.0
308,"I 've done everything from bootcamps , resistance training , running and Zumba .",13,0.20021368800172823,0.0
308,"So yeah .. , they are truly crosstrainers ;-)",-1,0.19903213516688448,0.25
309,I liked these shoes a lot .,2,0.24868275637003717,0.6
309,Very light weight .,9,0.25124490561474444,0.52
309,I did n't give a 5 because the color was a little lighter than I thought it was going to be but still a great shoe .,19,0.2518276929530596,0.30625
309,Very comfortable,7,0.24824464506215874,0.52
310,Love them ! ! !,2,1.0,0.9765625
311,I love these shoes !,23,0.3290864877735492,0.625
311,perfect for cardio,3,0.33776445526649546,1.0
311,Great arch support and .,21,0.333149056959955,0.8
312,find that these shoes help give me good support   with my endurance workouts,0,0.4999999746694064,0.7
312,I workout at the local crossfit and .,13,0.5000000253305936,0.0
313,These shoes look really great .,10,0.19496732101365594,0.8
313,"However , slightly loose .",15,0.2001364615084369,-0.07692307692307693
313,The problems with lack of support arose when I exercised .,8,0.20102784112560765,0.0
313,It feels like there is little to no support in them .,21,0.20223558716666387,-0.1875
313,Possibly this is a shoe more geared for an office environment or short walking distances .,20,0.20163278918563562,0.16666666666666666
314,These are my favorite walk around shoes !,10,0.2523783413977268,0.625
314,not be in pain,8,0.2500330939703732,0.0
314,I can wear them all day and !,3,0.2559385392979009,0.0
314,Love em !,2,0.24165002533399918,0.625
315,walking - around sneakers,0,0.06245467970119962,0.0
315,"Favorite training and . 
",10,0.06273253418717181,0.5
315,are comfortable for most situations,5,0.060800339585418285,0.45
315,"They look good with just about anything , and . 
",20,0.06107464077202343,0.7
315,"With the exception of running ( for which I use proper Mizuno running sneakers with an arch - support insole ) , these sneakers are my go - to . 
",0,0.06274534339560746,0.0
315,"If I could , I 'd take away a 1/2 star for arch support - I have a slightly wider front of the foot and arches that are a little on the high side , so I do look for a good under the foot fit .",15,0.062330882643025304,0.18116666666666667
315,put in an insole(they're pretty expensive ),0,0.06291755626637592,-0.125
315,"as is , when I did a zumba class in these , my arch began to twinge :( 
",21,0.06290191328613444,-0.75
315,"I could probably tie the laces differently or , but",15,0.06261117846201697,0.0
315,for training and gym use ( with the exception of running and zumba ( although hip - hop was fine ) .,3,0.06302542317091737,0.4166666666666667
315,"However , this is overall an awesome shoe that I will continue to stick with for going out , day to day walking , and",23,0.06273008483460989,0.5
315,"do n't look "" dirty "" easily",4,0.06296857286335752,-0.08333333333333331
315,The shoes have a great flexibility to them and .,0,0.06268674873261193,0.8
315,are just now on the verge of being worn out,14,0.06246698030352385,0.0
315,My previous pair of flex supreme TR 3s have lasted for a good 2 years and .,17,0.06287118500900388,0.26666666666666666
315,"This is the optimal sneaker that is flexible in more ways than one : from pointing you toes to leg - pressing , from gym use to shopping to adding a sporty edge to a dressy night out , the flex has it all .",18,0.06268193678700226,0.5
316,Love these !,2,0.49999998113532984,0.625
316,"I have 3 pairs ... they're so comfortable - I 'm on my feet all day & my feet actually do n't hurt at the end of the day when I wear these :) 
 I 've learned to get these 1/2 size smaller .... I'm normally a size 7 and the 6 1/2 fit perfectly",4,0.50000001886467,0.35000000000000003
317,Great shoes .,20,0.3237829165731768,0.8
317,comfortable,18,0.3317594887861971,0.4
317,Lightweight and,9,0.34445759464062586,0.0
318,BEST .,14,0.1609434515728839,1.0
318,SHOES .,0,0.16425435214328335,0.0
318,EVER .  ,-1,0.16895864642594968,0.0
318,I bought two pairs in different colors- black n ' white and the pink and white ...  ,16,0.16862656696684042,-0.05333333333333333
318,They have AWESOME support for whatever you use them for ..,21,0.16981048972386187,1.0
318,I have one for work and the other for training / running / etc in ...,3,0.16740649316718062,-0.125
319,These sneakers give me the motivation to workout because they feel so good and are great for any training,0,1.0,0.75
320,I LOVE the look and comfort of these shoes for style and lifting weights .,0,0.05544264816965677,0.5
320,Super cute and flezable .,7,0.05161703924256514,0.41666666666666663
320,"BUT for running , absolutely not ! !",3,0.05613784101181868,-0.15625
320,just do not work for my personal stride,13,0.05603378759669983,0.0
320,It might just be my pronation / supnation and these shoes .,14,0.05584582149491972,0.0
320,I run about 2 - 4 miles every few days .,13,0.05592029168178507,-0.2
320,then sprints twice a week on a treadmill,13,0.056046858741894495,0.0
320,Average of 8 miles a week and .,13,0.055925388949494115,-0.15
320,"Just after running with these 3 times , I am having major back issues that I have never had before . 

",3,0.05587447032711386,0.03125
320,other shoes,23,0.05536575339209687,-0.125
320,"MY STATS and : 
 I road and trail run .",13,0.055957486176010277,0.0
320,a lot of heal on the road,13,0.05602634463823669,0.0
320,I run on my tip toes on the treadmill and .,13,0.055973906461681724,0.0
320,I am 5'6 169lbs with more muscle than an average runner .,13,0.05594274959285274,0.175
320,"Built more like a sprinter than a marathon runner . 
",13,0.05604600161002207,0.5
320,I LOVE Nike FLEX bottoms .,17,0.05520346167207406,0.5
320,They really give me support and flex needed .,7,0.054766440732110996,0.2
320,I have also used Asics and Puma .,21,0.05587370850896692,0.0
321,Size 5 .,4,0.3364273936967887,0.0
321,Very comfortable shoes .,0,0.328213536971923,0.52
321,Love !,2,0.3353590693312882,0.625
322,they are amazing !  ,2,0.0882206603862109,0.7500000000000001
322,I bought a wide size of these at a local store and,4,0.09168610126146497,-0.05
322,"Soft , comfy , with moderate support .  ",18,0.09083713025428071,0.05
322,not minimalist .  ,9,0.08876481679058618,0.0
322,"Not a cloud to walk on , but",8,0.09244090955304836,0.0
322,The wide size is perfect for my wide feet with high arches .  ,15,0.09257325171894874,0.24000000000000002
322,"The shoe tends to run about a half size long though , especially for Nike .  ",4,0.09211364310715872,-0.07222222222222223
322,these shoes feel good all day ...,20,0.09106485539695704,0.7
322,"I am working on getting in shape , and",13,0.09136541995098713,0.0
322,No rubbing on my big toe joint or pinkie toe or heel .  ,8,0.09134223772145128,0.0
322,Very pleased .,6,0.08959097385890603,0.65
323,I always buy the same size this ones came to large,4,1.0,0.10714285714285714
324,"Nice shoes , fit good",20,1.0,0.5666666666666667
325,I bought these for my wife .,12,0.11327684612629524,0.0
325,did not have their size so i ordered on amazon,4,0.11111988486496385,0.0
325,She saw them in the store but .,12,0.11298063887202373,0.0
325,She loves them .,12,0.1128799116585357,0.0
325,no complains at all,6,0.11005002780871065,0.0
325,She already had for a couple of months and .,12,0.11289730733389658,0.0
325,One of her favorites shoes for running or for her job since she walks a lot in the warehouse .,7,0.10661052961264361,0.0
325,Now she loves me more .,12,0.11287923988840759,0.5
325,:),14,0.107305613834523,0.5
326,Love these shoes .,10,0.13978207004491952,0.5
326,my old shoes were uncomfortable .,15,0.14423563431742975,-0.2
326,My feet have been weird since I was pregnant and,8,0.14266641534833943,-0.08333333333333334
326,help me get active,13,0.14308459504725005,-0.13333333333333333
326,These are very comfy and .,5,0.14388548192432443,0.2
326,go with anything,-1,0.1425990380755228,0.0
326,They are also stylish and .,5,0.14374676524221383,0.5
327,"Look better than the picture , very comfortable , great support .",5,1.0,0.6066666666666667
328,Love my new Nike 's .  ,17,0.12474631397846662,0.3181818181818182
328,and I just could n't wear them any more ),3,0.12649966155173326,0.5
328,now the new styles and sizing are perfect .  ,1,0.12199989516958126,0.5681818181818181
328,It 's been years since I 've been able to wear them ( sizing changed years ago but,3,0.12680834292202264,0.5
328,Lightweight shoe with tons of style .  ,0,0.12368049230644254,0.0
328,The Fog color is just what I was looking for ... not black and not neon !  ,11,0.12339314845679658,0.10416666666666666
328,they held up great !,9,0.12649567751336022,1.0
328,I wore them to participate in Relay for Life ( 24 hour walk ) and,3,0.1263764681015968,0.0
329,I am so happy with this purchase .,6,0.1562239032020008,0.8
329,I feel like I 'm barely wearing a sneaker when working out .,0,0.16872529169520428,0.05
329,"Another plus is that when I take off my sneaker , my sock is barely sweaty !",0,0.16863502234261796,0.0625
329,I have never had that experience with a shoe .,20,0.1697470257458128,0.0
329,looks nice on my feet,20,0.16988261437339564,0.6
329,The shoe is also very attractive and flattering and .,20,0.1667861426409683,1.0
330,Absolutely love them .,2,0.49999999999999994,0.5
330,Can even wear them without my insoles .,4,0.49999999999999994,0.0
331,"Super cute shoe however runs wide and big , I 'm a size 10 however this size 10 is too big .",4,0.3361884484674917,0.14666666666666667
331,"tried the same shoe on   turns out with this particular shoe I 'm a 9.5 , so order half the size u normally are",4,0.3343772514666263,0.0375
331,I went to a sporting goods store and .,3,0.3294343000658819,0.0
332,Wore these for the first time hiking the bluffs .,20,0.16914369029850454,0.25
332,super comfy .,7,0.15861928976629172,0.3333333333333333
332,"Not the best traction on well worn rocks , but",10,0.16947834696604144,1.0
332,"No blisters , no achilles pain like with other shoes .",8,0.16816753213710925,-0.125
332,"Will continue to purchase Nike shoes , because my feet love them for all activities !",17,0.16514114570082683,0.625
332,"( except my home workouts , they drag pretty hard on the carpet )",3,0.1694499951312259,-0.04722222222222223
333,A - MA - ZING !  ,-1,0.14054335227686618,0.0
333,"these make me feel like "" Forest Gump """,15,0.14357910502103302,0.0
333,I needed a good jogging shoe and .  ,0,0.14364093932971544,0.7
333,I felt like I was running on a cloud .  ,7,0.1438217669973909,0.0
333,I have narrow feet and these fit perfectly .  ,15,0.142524370678355,0.39999999999999997
333,I am so happy that I am going to purchase another two pair as back - ups for once it 's time to replace them .  ,16,0.14282228557514245,0.4
333,"Highly recommend to women who like to walk or run and light a light weight , comfortable shoe .",0,0.14306818012149683,0.34
334,lightweight,9,0.16697102107458056,0.0
334,Comfortable and .,7,0.1662270819973608,0.4
334,Need a good training shoe that 's also supportive and flexible .  ,0,0.1631110892158022,0.6
334,had to get 1/2 size larger as this style in my size,4,0.1650674559003213,0.0
334,is too perfect from heel to toe,15,0.1695898571485357,1.0
334,"I really like the fit , but .",1,0.1690334946633992,0.30000000000000004
335,Excellent,14,1.0,1.0
336,These shoes are awesome !  ,23,0.13949535406409605,1.0
336,feel great on my feet,8,0.14281867131407208,0.8
336,They are nearly weightless and .  ,9,0.14145875975593294,0.1
336,The first day I wore them I wore them ALL day on vacation .  ,3,0.14568599390185186,0.25
336,did the same,6,0.1393965719022685,0.0
336,I put them on the next day and .  ,3,0.14580174056383924,0.0
336,"Besides the comfort , they are really a cool color !",5,0.1453429084979393,0.4375
337,Super cute !,20,1.0,0.47916666666666663
338,perfect,14,1.0,1.0
339,This is the most comfortable shoe I 've ever had .,0,0.1119609300905896,0.45
339,work like it 's suppose to,1,0.10516459051963373,0.0
339,"No other shoe can compare to how the individual nubs on the bottom allow your foot to be cushioned , yet .",0,0.11209738375379144,0.03125
339,"My feet feel cradled in this shoe and hard surfaces do n't make my feet ache anymore . 

",15,0.11185467989169795,-0.2916666666666667
339,"These shoes have a small amount of support , but not much , which I like as I 'm coming from vibram five fingers .",0,0.11232815430770773,-0.175
339,"( Sorry vffs , I 'm bailing after 2 years of shin splints , no matter what I did ) . 

",3,0.1117048834198276,-0.5
339,Highly recommended for walking / running on concrete or tracks .,3,0.11188111291012867,0.15500000000000003
339,"As long as nike continues to make the flex supreme , they will get my money .",17,0.11172824980342982,-0.05
339,Please do n't change this shoe !,20,0.11128001530319342,0.0
340,my heel slips on turns .,8,0.2499090676792545,0.0
340,I wear them for Zumba and,3,0.25171429321501837,0.0
340,A little annoying because I have to pay attention,15,0.25140618416392724,-0.49375
340,"but they are so cute and comfy , it balances out .",5,0.2469704549417999,0.5
341,These run large .,4,0.17043796553263374,0.21428571428571427
341,"these I bought a 9 , and the toe area is pretty wide plus plenty long even with socks .",4,0.16893037547219078,0.03333333333333333
341,"I wear a 9.5 exactly in every shoe , but",4,0.16722954590718572,0.25
341,Very comfy and very nice looking shoe .,20,0.15772822281501792,0.49
341,glad I was able to try them on before purchasing,22,0.17066248628182232,0.5
341,I love them but .,2,0.16501140399114936,0.5
342,"Perfect fit , very comfortable , and a great color .",1,0.5,0.6799999999999999
342,They also fit as expected .,1,0.5,0.15000000000000002
343,Really comfy and nice color,20,1.0,0.4
344,"The picture makes the shoe look like it has a "" boxier "" toe rather than the "" pointier "" toe that it actually has .",19,0.14326439306872826,0.0
344,generally need to buy a size or half size longer to get a comfortable width ( in any brand of shoe ),4,0.14219218420649246,0.09444444444444446
344,I have wider feet and .,15,0.14212467246906368,0.0
344,"I feel that the pictures of this shoe did n't accurately depict what I received , in that one detail .",19,0.1430974248774091,0.4000000000000001
344,"I was shooting for a rounder , broader toe design which is more comfortable for me , and",15,0.14320893428597237,0.45
344,"Otherwise , "" the shoe fits . """,1,0.14304426366174483,0.0
344,So I am wearing it .,12,0.14306812743058925,0.0
345,These are the most comfortable shoes I 've used for working out .,0,0.2490830871655127,0.45
345,flexible,18,0.24575512318049883,0.0
345,Extremely light weight and .,9,0.25371361291132066,0.4
345,Loved them so much I purchased two more pair in different colors .,16,0.25144817674266773,0.35
346,looks great,11,0.4999999873405284,0.8
346,Very comfortable and !,7,0.5000000126594716,0.65
347,Love this shoes so comfy and great very everyday use .,3,0.5000000126281949,0.3466666666666667
347,Runs big,4,0.4999999873718051,0.0
348,fit,1,0.5000000063328573,0.4
348,Nice looking and nice,11,0.4999999936671426,0.6
349,on my feet all day long,8,0.03601082657053518,-0.05
349,I am a recess aide and .,13,0.035698778424937745,0.0
349,I tried these shoes on in the store before purchasing them on Amazon .,22,0.03507652212729129,0.0
349,They are very lightweight and comfortable .,5,0.03533296452693036,0.30000000000000004
349,I was surprised how great they felt .,5,0.03563292986383037,0.45
349,I have n't had a pair of Nikes since Nike shoxs came out .,17,0.035281805418013755,0.0
349,They are so much more lightweight than those .,9,0.034575401596321186,0.5
349,had no problems,8,0.03510562007371537,0.0
349,I wore them an entire day the first day and .,3,0.03624802193333919,0.125
349,"The second day ; however , I got a pain in my hip to the point where I started limping .",8,0.03604377209811901,0.0
349,"As soon as I got home and took them off , the pain was gone the rest of the evening .",8,0.036123978522828025,0.0
349,I 'm only 30 by the way .,9,0.035834331243189944,0.0
349,Nothing else in my daily routine changed except wearing these shoes two days in a row .,3,0.03623981214666998,0.0
349,I 'm sure that was the problem .,17,0.03611508352232225,0.5
349,"I do n't understand why it would make my hip hurt since they are comfortable on my feet , but",8,0.03592672750796227,0.4
349,had no pain,8,0.035973067156044355,0.0
349,I wore different shoes today and .,16,0.03623491604172961,0.0
349,I do n't think as much as I am on my feet I will be able to wear them an extended amount of time .,3,0.03628245444791396,0.35
349,I will have to rotate wearing them every other day .,3,0.036248617459914576,-0.125
349,"For normal wear , I believe , people will be fine .",5,0.036294235150213267,0.2833333333333333
349,standing six hours a day straight,10,0.03591745432929264,0.2
349,"I am literally walking or . 

",13,0.035866003129012065,0.0
349,* * UPDATE :,6,0.03407317722161177,0.0
349,"So , initially after wearing them , I had hip pain after wearing them .",8,0.036077011917474804,0.0
349,I wear them all the time now and have not experienced any pain since the first couple times of wearing them .,12,0.036154667650898524,-0.07500000000000001
349,"I do n't know if they just needed to be broken in , but",7,0.03627602422005354,-0.4
349,I love them even more now .,2,0.03379218622352471,0.5
349,"They are comfortable , and",5,0.0355636094763102,0.4
350,Perfict fit for me .,1,0.5000000062863202,0.4
350,Great looking shoes at a great price .,20,0.49999999371367976,0.8
351,The sneakers are very comfortable and fit to size .,0,1.0,0.46
352,have so far enjoyed using them,10,0.16838134396244755,0.3
352,I 've had these shoes for about a week now and .,13,0.16808756460671295,0.0
352,"Considering the fact that I have wide feet , the shoes are slightly tight .",15,0.16807416355489557,-0.1392857142857143
352,does it bothers me as I use them throughout my workouts,3,0.16880753118995237,0.0
352,"However , it does n't feel uncomfortable nor .",15,0.1586875746201338,-0.5
352,I know some people personally like when the shoes are a bit tighter or a bit looser so it 's all in personal preference .,15,0.16796182206585744,0.0
353,I really like them !,2,1.0,0.25
354,Good light weight shoe ... had to add insole for more support .,0,1.0,0.5333333333333333
355,I love my tennis shoes,10,1.0,0.5
356,I am not impressed .  ,-1,0.16668777550052657,-0.5
356,"This is a shoe I will wear with black dress pants or jeans when I need comfort and a little style , but",0,0.1672850557944305,-0.17708333333333331
356,This is a very flimsy shoe with little support at all .  ,21,0.16992279336323954,0.0062500000000000056
356,Not like any Nike I 've ever purchased in the past .  ,17,0.1670077946161165,-0.25
356,it 's not comfortable .,18,0.15996622655964496,-0.2
356,"It looks nice , but",20,0.16913035416604164,0.6
357,Love it ! !,2,0.20291110123446907,0.78125
357,nice,14,0.2017235361515648,0.6
357,Super comfortable and ! !,7,0.1988689865519971,0.47916666666666663
357,"Got more than I expected , super flexible great for training .",18,0.1939898922240529,0.38333333333333336
357,Definetly recommend it .,22,0.20250648383791608,0.0
358,Excelente,-1,1.0,0.0
359,I do n't expect them to last more that one summer .  ,7,0.25343635665389497,0.25
359,These shoes are poorly constructed and,19,0.2507792270171192,-0.4
359,will not order another Nike downshifter series again,4,0.251702013703136,0.0
359,"Would not recommend , and",22,0.24408240262584985,0.0
360,"For the price I spent on the pair of shoes , I 'd say it 's as good as expected . 
",20,0.33618354070341827,0.16666666666666666
360,does n't hurt my feet when I run,8,0.33628708910922067,0.0
360,It 's comfortable and .,7,0.327529370187361,0.4
361,I love this shoes they are so comfortable,0,1.0,0.45
362,I absolutely LOVE these shoes .,10,0.10012298053530246,0.5
362,These are my absolute favorite .,2,0.09892936919426207,0.35
362,comfortable,18,0.09255572436903943,0.4
362,So light and .,9,0.09851802860597562,0.4
362,These are actually my 2nd pair .,16,0.10163821341452159,0.0
362,they look good still .,20,0.10241149387824286,0.7
362,I am still wearing my 1st pair after 2 years and,3,0.10165194859340551,0.0
362,I want a back up pair for when my 1st pair wears out .,16,0.10187163508454421,0.0
362,I am just afraid they are going to disappear and,16,0.1022729112479652,-0.6
362,These have been the best shoes I 've owned !,17,0.10002769507674099,1.0
363,Perfect fit !,1,1.0,0.75
364,My favorite cross trainers !,10,1.0,0.25
365,Love them fit perfect,1,1.0,0.6333333333333333
366,Favorite Nike shoe ever !,10,0.12555044404890134,0.625
366,The flex sole is excellent for someone like me who loves the free feeling of sandals or being barefoot .,14,0.12698538604388415,0.4666666666666666
366,These move effortlessly with the bend of my foot .,0,0.12641225148559165,0.0
366,I 've had no foot or ankle pain .,8,0.12575474569124645,0.0
366,I 've worn these for multiple activities and,3,0.12850706295454473,0.0
366,the mesh breathes perfectly on hot summer days .,7,0.12235503405259349,0.25
366,The white / green / dark grey color goes with so many outfits and,11,0.12486316446011622,0.020000000000000007
366,Highly recommend !,22,0.11957191126312194,0.2
367,"I wear these everyday to work , the gym , etc .",3,1.0,-0.2
368,Love these shoes !,23,0.5,0.625
368,"Great fit , very light weight .",9,0.5,0.5733333333333334
369,fit my small feet perfectly,1,0.12415035331126031,0.3833333333333333
369,Super comfortable and .,7,0.12178353199573963,0.3666666666666667
369,I have flat feet so a lot of shoes are not comfortable for long periods of time .,8,0.12461301350919769,-0.09166666666666667
369,they are super comfortable .,5,0.1256361282520659,0.3666666666666667
369,I can wear the shoe all day long and,3,0.12541442220422078,-0.05
369,they are easy to clean compared to other shoes I ve had .,0,0.12661774104555287,0.225
369,"They are light colored so any dirt will be seen right away , but",18,0.12686335732906806,0.34285714285714286
369,Would definitely buy another pair in a different color .,16,0.1249214523528947,0.0
370,Love these shoes !,23,1.0,0.625
